Workbook

Sheet Trafic
B2: Operador | C2: Altes | D2: Tràfic p95 | E2: Demanda mitjana per client [Mbps]
B3: OP01-ADZ | C3: 644 | D3: 1.36 | E3: =1000*D3/C3 -> 2.1118012
B4: OP02-INF | C4: 2312 | D4: 3.3 | E4: =1000*D4/C4 -> 1.4273356
B5: OP03-SST | C5: 4017 | D5: 8.54 | E5: =1000*D5/C5 -> 2.1259647
B6: OP04-RJT | C6: 6494 | D6: 12.61 | E6: =1000*D6/C6 -> 1.9417924
B7: OP05-ALS | C7: 562 | D7: 1.12 | E7: =1000*D7/C7 -> 1.9928826
B8: OP06-EAM | C8: 3194 | D8: 5.09 | E8: =1000*D8/C8 -> 1.593613
B9: OP07-CST | C9: 1868 | D9: 3.47 | E9: =1000*D9/C9 -> 1.8576017
B10: OP08-MDN | C10: 1947 | D10: 4.17 | E10: =1000*D10/C10 -> 2.1417565
B11: OP09-JFG | C11: 30 | D11: 0.03 | E11: =1000*D11/C11 -> 1
B12: TOTAL | C12: =SUM(C3:C11) -> 21068 | D12: =SUM(D3:D11) -> 39.69 | E12: =1000*D12/C12 -> 1.8838998
B14: Proveïdor | C14: p95 [Gbps] | D14: %
B15: Hurricane | C15: 11.32 | D15: =C15/$C$23 -> 0.27137823
B16: Orange-Jazztel | C16: 5.64 | D16: =C16/$C$23 -> 0.13520965
B17: Espanix | C17: 6.91 | D17: =C17/$C$23 -> 0.16565579
B18: Google | C18: 5.91 | D18: =C18/$C$23 -> 0.14168245
B19: Netflix | C19: 4.78 | D19: =C19/$C$23 -> 0.11459257
B20: Meta | C20: 6.71 | D20: =C20/$C$23 -> 0.16086112
B21: Aire Networks IPTV | C21: 0.44 | D21: =C21/$C$23 -> 0.01054827
B22: Aire Networks VoIP | C22: 0.003 | D22: =C22/$C$23 -> 7.1920025e-05
B23: TOTAL | C23: =SUM(C15:C22) -> 41.713

Sheet Negoci
B2: Anàlisi del negoci | D2: Desplegament | F2: Històric clients | K2: Creixement anual | O2: Referències finals per als escenaris
B3: Data | C3: Operador | D3: Unitats Inmobiliaries Passades | E3: % Penetració actual | F3: 2022 | G3: 2023 | H3: 2024 | I3: 2025 | J3: 2026 | K3: CAGR 2022-2026 | L3: CAGR 2023-2026 | M3: CAGR 2024-2026 | N3: CAGR 2025-2026 | O3: Min | P3: Mitg | Q3: Max
B4: 46139 | C4: OP01-ADZ | D4: 9895 | E4: =J4/D4 -> 0.065083375 | F4: 559 | G4: 640 | H4: 633 | I4: 641 | J4: 644 | K4: =((J4/F4)^(1/(2026-2022)))-1 -> 0.036020896 | L4: =((J4/G4)^(1/(2026-2023)))-1 -> 0.0020790081 | M4: =((J4/H4)^(1/(2026-2024)))-1 -> 0.0086513606 | N4: =(J4-I4)/I4 -> 0.0046801872 | O4: =MIN(L4:N4) -> 0.0020790081 | P4: =AVERAGE(L4:N4) -> 0.0051368519 | Q4: =MAX(L4:N4) -> 0.0086513606
B5: 46139 | C5: OP02-INF | D5: 14810 | E5: =J5/D5 -> 0.15611074 | F5: 1867 | G5: 2223 | H5: 2244 | I5: 2291 | J5: 2312 | K5: =((J5/F5)^(1/(2026-2022)))-1 -> 0.054898993 | L5: =((J5/G5)^(1/(2026-2023)))-1 -> 0.01317109 | M5: =((J5/H5)^(1/(2026-2024)))-1 -> 0.015038438 | N5: =(J5-I5)/I5 -> 0.0091663029 | O5: =MIN(L5:N5) -> 0.0091663029 | P5: =AVERAGE(L5:N5) -> 0.01245861 | Q5: =MAX(L5:N5) -> 0.015038438
B6: 46139 | C6: OP03-SST | D6: 11968 | E6: =J6/D6 -> 0.33564505 | F6: 2718 | G6: 3553 | H6: 3655 | I6: 3770 | J6: 4017 | K6: =((J6/F6)^(1/(2026-2022)))-1 -> 0.10258758 | L6: =((J6/G6)^(1/(2026-2023)))-1 -> 0.041762871 | M6: =((J6/H6)^(1/(2026-2024)))-1 -> 0.048352235 | N6: =(J6-I6)/I6 -> 0.065517241 | O6: =MIN(L6:N6) -> 0.041762871 | P6: =AVERAGE(L6:N6) -> 0.051877449 | Q6: =MAX(L6:N6) -> 0.065517241
B7: 46139 | C7: OP04-RJT | D7: 17010 | E7: =J7/D7 -> 0.38177543 | F7: 4215 | G7: 5668 | H7: 5813 | I7: 6270 | J7: 6494 | K7: =((J7/F7)^(1/(2026-2022)))-1 -> 0.11411155 | L7: =((J7/G7)^(1/(2026-2023)))-1 -> 0.046391366 | M7: =((J7/H7)^(1/(2026-2024)))-1 -> 0.056953742 | N7: =(J7-I7)/I7 -> 0.035725678 | O7: =MIN(L7:N7) -> 0.035725678 | P7: =AVERAGE(L7:N7) -> 0.046356929 | Q7: =MAX(L7:N7) -> 0.056953742
B8: 46139 | C8: OP05-ALS | D8: 3247 | E8: =J8/D8 -> 0.17308285 | F8: 617 | G8: 594 | H8: 593 | I8: 578 | J8: 562 | K8: =((J8/F8)^(1/(2026-2022)))-1 -> -0.023071481 | L8: =((J8/G8)^(1/(2026-2023)))-1 -> -0.01828983 | M8: =((J8/H8)^(1/(2026-2024)))-1 -> -0.026489117 | N8: =(J8-I8)/I8 -> -0.027681661 | O8: =MIN(L8:N8) -> -0.027681661 | P8: =AVERAGE(L8:N8) -> -0.024153536 | Q8: =MAX(L8:N8) -> -0.01828983
B9: 46139 | C9: OP06-EAM | D9: 9995 | E9: =J9/D9 -> 0.31955978 | F9: 2591 | G9: 3033 | H9: 3109 | I9: 3211 | J9: 3194 | K9: =((J9/F9)^(1/(2026-2022)))-1 -> 0.053699744 | L9: =((J9/G9)^(1/(2026-2023)))-1 -> 0.017390084 | M9: =((J9/H9)^(1/(2026-2024)))-1 -> 0.013577812 | N9: =(J9-I9)/I9 -> -0.0052943008 | O9: =MIN(L9:N9) -> -0.0052943008 | P9: =AVERAGE(L9:N9) -> 0.008557865 | Q9: =MAX(L9:N9) -> 0.017390084
B10: 46139 | C10: OP07-CST | D10: 13820 | E10: =J10/D10 -> 0.13516643 | F10: 1765 | G10: 2099 | H10: 2121 | I10: 2104 | J10: 1868 | K10: =((J10/F10)^(1/(2026-2022)))-1 -> 0.014280417 | L10: =((J10/G10)^(1/(2026-2023)))-1 -> -0.038118709 | M10: =((J10/H10)^(1/(2026-2024)))-1 -> -0.061534954 | N10: =(J10-I10)/I10 -> -0.1121673 | O10: =MIN(L10:N10) -> -0.1121673 | P10: =AVERAGE(L10:N10) -> -0.070606988 | Q10: =MAX(L10:N10) -> -0.038118709
B11: 46139 | C11: OP08-MDN | D11: 11878 | E11: =J11/D11 -> 0.16391648 | F11: 1503 | G11: 1912 | H11: 1966 | I11: 1928 | J11: 1947 | K11: =((J11/F11)^(1/(2026-2022)))-1 -> 0.066846023 | L11: =((J11/G11)^(1/(2026-2023)))-1 -> 0.0060649551 | M11: =((J11/H11)^(1/(2026-2024)))-1 -> -0.0048438781 | N11: =(J11-I11)/I11 -> 0.0098547718 | O11: =MIN(L11:N11) -> -0.0048438781 | P11: =AVERAGE(L11:N11) -> 0.0036919496 | Q11: =MAX(L11:N11) -> 0.0098547718
B12: 46139 | C12: OP09-JFG | D12: 295 | E12: =J12/D12 -> 0.10169492 | F12: 23 | G12: 23 | H12: 22 | I12: 29 | J12: 30 | K12: =((J12/F12)^(1/(2026-2022)))-1 -> 0.068681656 | L12: =((J12/G12)^(1/(2026-2023)))-1 -> 0.092608244 | M12: =((J12/H12)^(1/(2026-2024)))-1 -> 0.16774842 | N12: =(J12-I12)/I12 -> 0.034482759 | O12: =MIN(L12:N12) -> 0.034482759 | P12: =AVERAGE(L12:N12) -> 0.098279806 | Q12: =MAX(L12:N12) -> 0.16774842
B13: 46139 | C13: TOTAL | D13: =SUM(D4:D12) -> 92918 | E13: =J13/D13 -> 0.22673755 | F13: =SUM(F4:F12) -> 15858 | G13: =SUM(G4:G12) -> 19745 | H13: =SUM(H4:H12) -> 20156 | I13: =SUM(I4:I12) -> 20822 | J13: =SUM(J4:J12) -> 21068 | K13: =((J13/F13)^(1/(2026-2022)))-1 -> 0.073603019 | L13: =((J13/G13)^(1/(2026-2023)))-1 -> 0.021853705 | M13: =((J13/H13)^(1/(2026-2024)))-1 -> 0.022373255 | N13: =(J13-I13)/I13 -> 0.011814427 | O13: =MIN(L13:N13) -> 0.011814427 | P13: =AVERAGE(L13:N13) -> 0.018680462 | Q13: =MAX(L13:N13) -> 0.022373255
G14: =G13-F13 -> 3887 | H14: =H13-G13 -> 411 | I14: =I13-H13 -> 666 | J14: =J13-I13 -> 246

Sheet ESCENARI_1
C3: Situació actual | F3: Hipotesi de creixement conservador | H3: 5è any
B4: Operador | C4: Altes | D4: Tràfic p95 | E4: Demanda mitjana per client [Mbps] | F4: Creixement del Negoci (CAGR min) | G4: Evolució de la demanda | H4: Altes | I4: Demanda mitjana per client [Mbps] | J4: Tràfic p95 | K4: Creixement Anual p95
B5: OP01-ADZ | C5: 644 | D5: 1.36 | E5: 2.1118012 | F5: =Negoci!O4 -> 0.0020790081 | G5: 0.03 | H5: =C5*((1+F5)^5) -> 650.7223 | I5: =E5*(1+G5)^5 -> 2.4481564 | J5: =D5*((1+F5)^5)*((1+G5)^5) -> 1.59307 | K5: =((J5/D5)^(1/5))-1 -> 0.032141378
B6: OP02-INF | C6: 2312 | D6: 3.3 | E6: 1.4273356 | F6: =Negoci!O5 -> 0.0091663029 | G6: 0.01 | H6: =C6*((1+F6)^5) -> 2419.9229 | I6: =E6*(1+G6)^5 -> 1.5001441 | J6: =D6*((1+F6)^5)*((1+G6)^5) -> 3.6302331 | K6: =((J6/D6)^(1/5))-1 -> 0.019257966
B7: OP03-SST | C7: 4017 | D7: 8.54 | E7: 2.1259647 | F7: =Negoci!O6 -> 0.041762871 | G7: 0.03 | H7: =C7*((1+F7)^5) -> 4928.8569 | I7: =E7*(1+G7)^5 -> 2.4645757 | J7: =D7*((1+F7)^5)*((1+G7)^5) -> 12.147541 | K7: =((J7/D7)^(1/5))-1 -> 0.073015757
B8: OP04-RJT | C8: 6494 | D8: 12.61 | E8: 1.9417924 | F8: =Negoci!O7 -> 0.035725678 | G8: 0.02 | H8: =C8*((1+F8)^5) -> 7739.9116 | I8: =E8*(1+G8)^5 -> 2.1438957 | J8: =D8*((1+F8)^5)*((1+G8)^5) -> 16.593564 | K8: =((J8/D8)^(1/5))-1 -> 0.056440191
B9: OP05-ALS | C9: 562 | D9: 1.12 | E9: 1.9928826 | F9: =Negoci!O8 -> -0.027681661 | G9: 0.02 | H9: =C9*((1+F9)^5) -> 488.40343 | I9: =E9*(1+G9)^5 -> 2.2003034 | J9: =D9*((1+F9)^5)*((1+G9)^5) -> 1.0746357 | K9: =((J9/D9)^(1/5))-1 -> -0.0082352941
B10: OP06-EAM | C10: 3194 | D10: 5.09 | E10: 1.593613 | F10: =Negoci!O9 -> -0.0052943008 | G10: 0.02 | H10: =C10*((1+F10)^5) -> 3110.3406 | I10: =E10*(1+G10)^5 -> 1.7594775 | J10: =D10*((1+F10)^5)*((1+G10)^5) -> 5.4725744 | K10: =((J10/D10)^(1/5))-1 -> 0.014599813
B11: OP07-CST | C11: 1868 | D11: 3.47 | E11: 1.8576017 | F11: =Negoci!O10 -> -0.1121673 | G11: 0.02 | H11: =C11*((1+F11)^5) -> 1030.4634 | I11: =E11*(1+G11)^5 -> 2.0509424 | J11: =D11*((1+F11)^5)*((1+G11)^5) -> 2.113421 | K11: =((J11/D11)^(1/5))-1 -> -0.094410646
B12: OP08-MDN | C12: 1947 | D12: 4.17 | E12: 2.1417565 | F12: =Negoci!O11 -> -0.0048438781 | G12: 0.03 | H12: =C12*((1+F12)^5) -> 1900.2995 | I12: =E12*(1+G12)^5 -> 2.4828828 | J12: =D12*((1+F12)^5)*((1+G12)^5) -> 4.7182209 | K12: =((J12/D12)^(1/5))-1 -> 0.025010806
B13: OP09-JFG | C13: 30 | D13: 0.03 | E13: 1 | F13: =Negoci!O12 -> 0.034482759 | G13: 0.01 | H13: =C13*((1+F13)^5) -> 35.541646 | I13: =E13*(1+G13)^5 -> 1.0510101 | J13: =D13*((1+F13)^5)*((1+G13)^5) -> 0.037354627 | K13: =((J13/D13)^(1/5))-1 -> 0.044827586
B14: TOTAL | C14: =SUM(C5:C13) -> 21068 | D14: =SUM(D5:D13) -> 39.69 | E14: =1000*D14/C14 -> 1.8838998 | F14: =Negoci!O13 -> 0.011814427 | H14: =SUM(H5:H13) -> 22304.462 | I14: =1000*J14/H14 -> 2.1242662 | J14: =SUM(J5:J13) -> 47.380614 | K14: =((J14/D14)^(1/5))-1 -> 0.036057639
G15: Increment | H15: =H14-C14 -> 1236.4621

Sheet ESCENARI_2
C3: Situació actual | F3: Hipotesi de creixement moderat | H3: 5è any
B4: Operador | C4: Altes | D4: Tràfic p95 | E4: Demanda mitjana per client [Mbps] | F4: Creixement del Negoci (CAGR mitg) | G4: Evolució de la demanda | H4: Altes | I4: Demanda mitjana per client [Mbps] | J4: Tràfic p95 | K4: Creixement Anual p95
B5: OP01-ADZ | C5: 644 | D5: 1.36 | E5: 2.1118012 | F5: =Negoci!P4 -> 0.0051368519 | G5: 0.05 | H5: =C5*((1+F5)^5) -> 660.71147 | I5: =E5*((1+G5)^5) -> 2.695253 | J5: =D5*((1+F5)^5)*((1+G5)^5) -> 1.7807846 | K5: =((J5/D5)^(1/5))-1 -> 0.055393695
B6: OP02-INF | C6: 2312 | D6: 3.3 | E6: 1.4273356 | F6: =Negoci!P5 -> 0.01245861 | G6: 0.03 | H6: =C6*((1+F6)^5) -> 2459.6551 | I6: =E6*((1+G6)^5) -> 1.6546732 | J6: =D6*((1+F6)^5)*((1+G6)^5) -> 4.0699254 | K6: =((J6/D6)^(1/5))-1 -> 0.042832369
B7: OP03-SST | C7: 4017 | D7: 8.54 | E7: 2.1259647 | F7: =Negoci!P6 -> 0.051877449 | G7: 0.05 | H7: =C7*((1+F7)^5) -> 5172.8222 | I7: =E7*((1+G7)^5) -> 2.7133295 | J7: =D7*((1+F7)^5)*((1+G7)^5) -> 14.035571 | K7: =((J7/D7)^(1/5))-1 -> 0.10447132
B8: OP04-RJT | C8: 6494 | D8: 12.61 | E8: 1.9417924 | F8: =Negoci!P7 -> 0.046356929 | G8: 0.04 | H8: =C8*((1+F8)^5) -> 8145.3839 | I8: =E8*((1+G8)^5) -> 2.3624874 | J8: =D8*((1+F8)^5)*((1+G8)^5) -> 19.243367 | K8: =((J8/D8)^(1/5))-1 -> 0.088211206
B9: OP05-ALS | C9: 562 | D9: 1.12 | E9: 1.9928826 | F9: =Negoci!P8 -> -0.024153536 | G9: 0.04 | H9: =C9*((1+F9)^5) -> 497.329 | I9: =E9*((1+G9)^5) -> 2.4246464 | J9: =D9*((1+F9)^5)*((1+G9)^5) -> 1.2058469 | K9: =((J9/D9)^(1/5))-1 -> 0.014880323
B10: OP06-EAM | C10: 3194 | D10: 5.09 | E10: 1.593613 | F10: =Negoci!P9 -> 0.008557865 | G10: 0.04 | H10: =C10*((1+F10)^5) -> 3333.0284 | I10: =E10*((1+G10)^5) -> 1.9388739 | J10: =D10*((1+F10)^5)*((1+G10)^5) -> 6.4623218 | K10: =((J10/D10)^(1/5))-1 -> 0.04890018
B11: OP07-CST | C11: 1868 | D11: 3.47 | E11: 1.8576017 | F11: =Negoci!P10 -> -0.070606988 | G11: 0.04 | H11: =C11*((1+F11)^5) -> 1295.3105 | I11: =E11*((1+G11)^5) -> 2.2600565 | J11: =D11*((1+F11)^5)*((1+G11)^5) -> 2.9274749 | K11: =((J11/D11)^(1/5))-1 -> -0.033431267
B12: OP08-MDN | C12: 1947 | D12: 4.17 | E12: 2.1417565 | F12: =Negoci!P11 -> 0.0036919496 | G12: 0.05 | H12: =C12*((1+F12)^5) -> 1983.2075 | I12: =E12*((1+G12)^5) -> 2.7334844 | J12: =D12*((1+F12)^5)*((1+G12)^5) -> 5.4210667 | K12: =((J12/D12)^(1/5))-1 -> 0.053876547
B13: OP09-JFG | C13: 30 | D13: 0.03 | E13: 1 | F13: =Negoci!P12 -> 0.098279806 | G13: 0.03 | H13: =C13*((1+F13)^5) -> 47.938699 | I13: =E13*((1+G13)^5) -> 1.1592741 | J13: =D13*((1+F13)^5)*((1+G13)^5) -> 0.055574091 | K13: =((J13/D13)^(1/5))-1 -> 0.1312282
B14: TOTAL | C14: =SUM(C5:C13) -> 21068 | D14: =SUM(D5:D13) -> 39.69 | E14: =1000*D14/C14 -> 1.8838998 | F14: =Negoci!P13 -> 0.018680462 | H14: =SUM(H5:H13) -> 23595.387 | I14: =1000*J14/H14 -> 2.3395222 | J14: =SUM(J5:J13) -> 55.201932 | K14: =((J14/D14)^(1/5))-1 -> 0.068205073
G15: Increment | H15: =H14-C14 -> 2527.3868

Sheet ESCENARI_3
C3: Situació actual | F3: Hipotesi de creixement agressiu | H3: 5è any
B4: Operador | C4: Altes | D4: Tràfic p95 | E4: Demanda mitjana per client [Mbps] | F4: Creixement del Negoci (CAGR max) | G4: Evolució de la demanda | H4: Altes | I4: Demanda mitjana per client [Mbps] | J4: Tràfic p95 | K4: Creixement Anual p95
B5: OP01-ADZ | C5: 644 | D5: 1.36 | E5: 2.1118012 | F5: =Negoci!Q4 -> 0.0086513606 | G5: 0.07 | H5: =C5*((1+F5))^5 -> 672.34358 | I5: =E5*((1+G5)^5) -> 2.9619105 | J5: =D5*((1+F5)^5)*((1+G5)^5) -> 1.9914215 | K5: =((J5/D5)^(1/5))-1 -> 0.079256956
B6: OP02-INF | C6: 2312 | D6: 3.3 | E6: 1.4273356 | F6: =Negoci!Q5 -> 0.015038438 | G6: 0.05 | H6: =C6*((1+F6))^5 -> 2491.1523 | I6: =E6*((1+G6)^5) -> 1.8216822 | J6: =D6*((1+F6)^5)*((1+G6)^5) -> 4.5380876 | K6: =((J6/D6)^(1/5))-1 -> 0.06579036
B7: OP03-SST | C7: 4017 | D7: 8.54 | E7: 2.1259647 | F7: =Negoci!Q6 -> 0.065517241 | G7: 0.07 | H7: =C7*((1+F7))^5 -> 5517.0159 | I7: =E7*((1+G7)^5) -> 2.9817754 | J7: =D7*((1+F7)^5)*((1+G7)^5) -> 16.450502 | K7: =((J7/D7)^(1/5))-1 -> 0.14010345
B8: OP04-RJT | C8: 6494 | D8: 12.61 | E8: 1.9417924 | F8: =Negoci!Q7 -> 0.056953742 | G8: 0.06 | H8: =C8*((1+F8))^5 -> 8566.2785 | I8: =E8*((1+G8)^5) -> 2.5985563 | J8: =D8*((1+F8)^5)*((1+G8)^5) -> 22.259957 | K8: =((J8/D8)^(1/5))-1 -> 0.12037097
B9: OP05-ALS | C9: 562 | D9: 1.12 | E9: 1.9928826 | F9: =Negoci!Q8 -> -0.01828983 | G9: 0.06 | H9: =C9*((1+F9))^5 -> 512.4515 | I9: =E9*((1+G9)^5) -> 2.6669264 | J9: =D9*((1+F9)^5)*((1+G9)^5) -> 1.3666704 | K9: =((J9/D9)^(1/5))-1 -> 0.04061278
B10: OP06-EAM | C10: 3194 | D10: 5.09 | E10: 1.593613 | F10: =Negoci!Q9 -> 0.017390084 | G10: 0.06 | H10: =C10*((1+F10))^5 -> 3481.5482 | I10: =E10*((1+G10)^5) -> 2.1326137 | J10: =D10*((1+F10)^5)*((1+G10)^5) -> 7.4247975 | K10: =((J10/D10)^(1/5))-1 -> 0.078433489
B11: OP07-CST | C11: 1868 | D11: 3.47 | E11: 1.8576017 | F11: =Negoci!Q10 -> -0.038118709 | G11: 0.06 | H11: =C11*((1+F11))^5 -> 1538.0989 | I11: =E11*((1+G11)^5) -> 2.4858901 | J11: =D11*((1+F11)^5)*((1+G11)^5) -> 3.8235449 | K11: =((J11/D11)^(1/5))-1 -> 0.019594169
B12: OP08-MDN | C12: 1947 | D12: 4.17 | E12: 2.1417565 | F12: =Negoci!Q11 -> 0.0098547718 | G12: 0.07 | H12: =C12*((1+F12))^5 -> 2044.8458 | I12: =E12*((1+G12)^5) -> 3.0039244 | J12: =D12*((1+F12)^5)*((1+G12)^5) -> 6.1425621 | K12: =((J12/D12)^(1/5))-1 -> 0.080544606
B13: OP09-JFG | C13: 30 | D13: 0.03 | E13: 1 | F13: =Negoci!Q12 -> 0.16774842 | G13: 0.05 | H13: =C13*((1+F13))^5 -> 65.14299 | I13: =E13*((1+G13)^5) -> 1.2762816 | J13: =D13*((1+F13)^5)*((1+G13)^5) -> 0.083140797 | K13: =((J13/D13)^(1/5))-1 -> 0.22613584
B14: TOTAL | C14: =SUM(C5:C13) -> 21068 | D14: =SUM(D5:D13) -> 39.69 | E14: =1000*D14/C14 -> 1.8838998 | F14: =Negoci!Q13 -> 0.022373255 | H14: =SUM(H5:H13) -> 24888.878 | I14: =1000*J14/H14 -> 2.5746715 | J14: =SUM(J5:J13) -> 64.080684 | K14: =((J14/D14)^(1/5))-1 -> 0.10054855
G15: Increment | H15: =H14-C14 -> 3820.8776
